{"parts": 1, "srid_en": 27700, "area": 1594624745.0362766, "min_e": 503571.5, "min_n": 155854.3, "max_e": 561957.4962, "max_n": 200933.6227, "centre_e": 531330.8033140968, "centre_n": 179645.99535958804, "min_lon": -0.5103071102184685, "min_lat": 51.286790287850714, "max_lon": 0.3340438757621728, "max_lat": 51.691875617601774, "centre_lon": -0.10936094187611654, "centre_lat": 51.50052632321}